model_id,sum,mean,std
1,0.55907345061,0.279536725305,0.0189552315543
2,0.289741064294,0.144870532147,0.0454974982152
3,0.819168216638,0.409584108319,0.0
4,0.26411601229,0.132058006145,0.0
5,0.736042817177,0.368021408588,0.0329038239719
6,0.962741878871,0.481370939435,0.0659022315092
7,0.985031537724,0.492515768862,0.00767861573451
8,0.646934715997,0.323467357999,0.0604958041991
9,0.956691033429,0.478345516714,0.0504546763314
10,0.26411601229,0.132058006145,0.0
